filename,width,height,class,xmin,ymin,xmax,ymax
IMG_3069.JPG,3456,5184,PowerAde,668,442,2727,4805
IMG_3374.JPG,3456,5184,Hotsix,917,434,2594,4580
IMG_3499.JPG,3456,5184,Hotsix,715,65,2842,4976
IMG_3115.JPG,3456,5184,PowerAde,613,253,2596,5013
IMG_2964.JPG,3456,5184,mtdew,707,807,2780,4791
IMG_3494.JPG,3456,5184,Hotsix,689,414,2703,4872
IMG_3122.JPG,3456,5184,PowerAde,481,456,2965,4759
IMG_3042.JPG,3456,5184,PowerAde,798,720,2455,4986
IMG_3277.JPG,3456,5184,Welchs,684,518,2833,4573
IMG_3324.JPG,3456,5184,Welchs,422,760,2883,4407
IMG_2983.JPG,3456,5184,mtdew,608,578,3051,3746
IMG_3136.JPG,3456,5184,PowerAde,529,279,2307,4991
IMG_3022.JPG,3456,5184,mtdew,525,464,2725,4715
IMG_3137.JPG,3456,5184,PowerAde,548,266,2433,4900
IMG_2873.JPG,3456,5184,mtdew,762,506,2939,4407
IMG_3135.JPG,3456,5184,PowerAde,506,686,2964,4403
IMG_2886.JPG,3456,5184,mtdew,361,548,2787,4414
IMG_3013.JPG,3456,5184,mtdew,677,375,2915,4484
IMG_3060.JPG,3456,5184,PowerAde,485,763,2774,4779
IMG_3170.JPG,3456,5184,PowerAde,908,1473,2474,4088
IMG_3322.JPG,3456,5184,Welchs,609,662,2735,4564
IMG_3303.JPG,3456,5184,Welchs,563,602,2886,4681
IMG_3120.JPG,3456,5184,PowerAde,1007,591,2834,5077
IMG_3469.JPG,3456,5184,Hotsix,672,658,2559,4894
IMG_2874.JPG,3456,5184,mtdew,993,689,3277,4270
IMG_3052.JPG,3456,5184,PowerAde,1048,774,2587,4882
IMG_3301.JPG,3456,5184,Welchs,648,481,2827,4642
IMG_3183.JPG,3456,5184,PowerAde,903,688,2444,4432
IMG_2933.JPG,3456,5184,mtdew,691,1180,2586,4947
IMG_3382.JPG,3456,5184,Hotsix,862,414,2614,4780
IMG_3102.JPG,3456,5184,PowerAde,595,435,2658,4958
IMG_3148.JPG,3456,5184,PowerAde,525,415,2588,5074
IMG_3385.JPG,3456,5184,Hotsix,720,276,2584,4785
IMG_3166.JPG,3456,5184,PowerAde,642,354,2368,4857
IMG_2894.JPG,3456,5184,mtdew,563,716,2769,4846
IMG_2936.JPG,3456,5184,mtdew,580,780,3027,4526
IMG_2879.JPG,3456,5184,mtdew,476,238,2928,4586
IMG_3504.JPG,3456,5184,Hotsix,881,424,2657,4608
IMG_3350.JPG,3456,5184,Welchs,778,536,2886,4361
IMG_3292.JPG,3456,5184,Welchs,614,423,2826,4710
IMG_3425.JPG,3456,5184,Hotsix,969,450,2683,4829
IMG_3189.JPG,3456,5184,PowerAde,851,800,2383,4368
IMG_3267.JPG,3456,5184,Welchs,798,814,2857,3970
IMG_3338.JPG,3456,5184,Welchs,718,656,2842,4530
IMG_3287.JPG,3456,5184,Welchs,734,747,2951,4254
IMG_3138.JPG,3456,5184,PowerAde,741,475,2862,5117
IMG_3381.JPG,3456,5184,Hotsix,953,222,2792,4968
IMG_3186.JPG,3456,5184,PowerAde,836,835,2462,3669
IMG_3251.JPG,3456,5184,Welchs,762,520,2804,4490
IMG_3030.JPG,3456,5184,mtdew,532,667,3074,4281
IMG_2910.JPG,3456,5184,mtdew,497,1045,2594,4767
IMG_3487.JPG,3456,5184,Hotsix,943,697,2447,4543
IMG_2878.JPG,3456,5184,mtdew,658,1034,2680,4839
IMG_3179.JPG,3456,5184,PowerAde,886,497,2652,4524
IMG_2991.JPG,3456,5184,mtdew,576,358,3144,4889
IMG_3507.JPG,3456,5184,Hotsix,914,411,2786,4959
IMG_3173.JPG,3456,5184,PowerAde,1012,865,2439,4187
IMG_3470.JPG,3456,5184,Hotsix,580,659,2480,4656
IMG_3347.JPG,3456,5184,Welchs,600,631,2948,4560
IMG_3258.JPG,3456,5184,Welchs,561,1041,2752,4389
IMG_3155.JPG,3456,5184,PowerAde,336,595,3110,4342
IMG_3410.JPG,3456,5184,Hotsix,955,481,2620,4640
IMG_3187.JPG,3456,5184,PowerAde,793,383,2283,4288
IMG_3394.JPG,3456,5184,Hotsix,615,819,2632,4699
IMG_3468.JPG,3456,5184,Hotsix,891,213,2785,4738
IMG_2903.JPG,3456,5184,mtdew,420,756,2557,4909
IMG_3447.JPG,3456,5184,Hotsix,982,703,2579,4407
IMG_3071.JPG,3456,5184,PowerAde,559,425,3214,3614
IMG_3139.JPG,3456,5184,PowerAde,443,475,2856,4898
IMG_2911.JPG,3456,5184,mtdew,649,1098,2810,4550
IMG_3317.JPG,3456,5184,Welchs,662,665,2676,4661
IMG_3007.JPG,3456,5184,mtdew,526,514,3027,4227
IMG_2937.JPG,3456,5184,mtdew,293,1107,2908,4324
IMG_3049.JPG,3456,5184,PowerAde,668,606,2449,4551
IMG_3353.JPG,3456,5184,Welchs,738,464,2923,4752
IMG_3161.JPG,3456,5184,PowerAde,727,427,2464,4789
IMG_3428.JPG,3456,5184,Hotsix,709,679,2767,4966
IMG_3247.JPG,3456,5184,Welchs,772,615,2812,4561
IMG_2965.JPG,3456,5184,mtdew,547,499,2815,4759
IMG_3300.JPG,3456,5184,Welchs,381,794,2785,4462
IMG_3066.JPG,3456,5184,PowerAde,312,886,3134,4487
IMG_3129.JPG,3456,5184,PowerAde,766,454,2635,4998
IMG_3457.JPG,3456,5184,Hotsix,954,500,2541,4681
IMG_3521.JPG,3456,5184,Hotsix,457,556,3064,4693
IMG_3163.JPG,3456,5184,PowerAde,594,237,2755,4947
IMG_2988.JPG,3456,5184,mtdew,471,1142,3073,4590
IMG_3168.JPG,3456,5184,PowerAde,583,558,2487,4432
IMG_3518.JPG,3456,5184,Hotsix,771,233,2843,4989
IMG_3026.JPG,3456,5184,mtdew,466,1135,2917,4378
IMG_3313.JPG,3456,5184,Welchs,700,588,2722,4554
IMG_3263.JPG,3456,5184,Welchs,529,503,2762,4272
IMG_3441.JPG,3456,5184,Hotsix,929,536,2611,4675
IMG_3008.JPG,3456,5184,mtdew,272,704,3122,4018
IMG_2957.JPG,3456,5184,mtdew,487,619,3024,4367
IMG_3321.JPG,3456,5184,Welchs,688,619,2728,4587
IMG_3476.JPG,3456,5184,Hotsix,746,722,2781,4214
IMG_3479.JPG,3456,5184,Hotsix,768,498,2639,4644
IMG_3269.JPG,3456,5184,Welchs,727,646,2698,4233
IMG_3131.JPG,3456,5184,PowerAde,874,408,2577,4910
IMG_3498.JPG,3456,5184,Hotsix,825,376,2753,5113
IMG_3444.JPG,3456,5184,Hotsix,553,904,2729,4553
IMG_3004.JPG,3456,5184,mtdew,659,1007,2656,4947
IMG_2888.JPG,3456,5184,mtdew,610,1162,2583,4890
IMG_3445.JPG,3456,5184,Hotsix,908,557,2500,4667
IMG_2871.JPG,3456,5184,mtdew,83,1200,1879,4481
IMG_3212.JPG,3456,5184,PowerAde,664,583,2739,4111
IMG_3464.JPG,3456,5184,Hotsix,947,437,2754,4654
IMG_2876.JPG,3456,5184,mtdew,697,1231,2875,3884
IMG_3088.JPG,3456,5184,PowerAde,332,818,3085,4208
IMG_2919.JPG,3456,5184,mtdew,689,1038,2758,4899
IMG_3281.JPG,3456,5184,Welchs,725,535,2862,4439
IMG_3489.JPG,3456,5184,Hotsix,718,458,2659,4816
IMG_3308.JPG,3456,5184,Welchs,702,826,3038,4381
IMG_3112.JPG,3456,5184,PowerAde,581,688,2802,4610
IMG_3398.JPG,3456,5184,Hotsix,843,905,2716,4722
IMG_3406.JPG,3456,5184,Hotsix,881,533,2570,4658
IMG_3119.JPG,3456,5184,PowerAde,636,386,2429,5079
IMG_3153.JPG,3456,5184,PowerAde,685,221,2824,4962
IMG_3111.JPG,3456,5184,PowerAde,509,450,2585,4861
IMG_3014.JPG,3456,5184,mtdew,400,439,2835,4625
IMG_3097.JPG,3456,5184,PowerAde,672,484,3096,4898
IMG_3360.JPG,3456,5184,Welchs,368,645,2831,4416
IMG_2929.JPG,3456,5184,mtdew,625,548,2464,3984
IMG_3143.JPG,3456,5184,PowerAde,803,390,2978,5169
IMG_3515.JPG,3456,5184,Hotsix,515,385,2661,4582
IMG_3389.JPG,3456,5184,Hotsix,599,548,2915,4798
IMG_3460.JPG,3456,5184,Hotsix,700,606,2714,4512
IMG_3505.JPG,3456,5184,Hotsix,756,508,2770,4703
IMG_3307.JPG,3456,5184,Welchs,644,536,2878,4479
IMG_3424.JPG,3456,5184,Hotsix,472,656,2748,4539
IMG_3167.JPG,3456,5184,PowerAde,859,655,2660,4998
IMG_2954.JPG,3456,5184,mtdew,663,690,2853,4735
IMG_2990.JPG,3456,5184,mtdew,605,992,2716,4939
IMG_3384.JPG,3456,5184,Hotsix,631,519,2712,4765
IMG_3286.JPG,3456,5184,Welchs,736,715,2735,4352
IMG_3343.JPG,3456,5184,Welchs,683,909,2764,4563
IMG_2881.JPG,3456,5184,mtdew,323,921,2897,4238
IMG_3315.JPG,3456,5184,Welchs,644,825,2772,4482
IMG_2943.JPG,3456,5184,mtdew,855,732,2894,4705
IMG_3159.JPG,3456,5184,PowerAde,330,312,2871,4702
IMG_3086.JPG,3456,5184,PowerAde,677,373,2747,4833
IMG_3126.JPG,3456,5184,PowerAde,648,390,2747,5001
IMG_3296.JPG,3456,5184,Welchs,743,646,2761,4588
IMG_3329.JPG,3456,5184,Welchs,657,504,2784,4599
IMG_3270.JPG,3456,5184,Welchs,746,867,2677,4274
IMG_3157.JPG,3456,5184,PowerAde,691,381,2637,5101
IMG_3452.JPG,3456,5184,Hotsix,1003,729,2401,4382
IMG_3519.JPG,3456,5184,Hotsix,664,379,2716,4936
IMG_2857.JPG,3456,5184,mtdew,734,706,2646,4381
IMG_3106.JPG,3456,5184,PowerAde,525,285,2536,5055
IMG_3483.JPG,3456,5184,Hotsix,828,448,2632,4698
IMG_3185.JPG,3456,5184,PowerAde,874,549,2418,3827
IMG_2974.JPG,3456,5184,mtdew,471,439,2744,4863
IMG_3192.JPG,3456,5184,PowerAde,890,393,2497,4584
IMG_3439.JPG,3456,5184,Hotsix,616,892,2646,4165
IMG_3423.JPG,3456,5184,Hotsix,805,735,2741,4838
IMG_2935.JPG,3456,5184,mtdew,687,704,3066,4900
IMG_3356.JPG,3456,5184,Welchs,472,862,2732,4342
IMG_3459.JPG,3456,5184,Hotsix,762,407,2671,4618
IMG_3193.JPG,3456,5184,PowerAde,951,389,2649,4554
IMG_3012.JPG,3456,5184,mtdew,879,806,2934,4735
IMG_2969.JPG,3456,5184,mtdew,606,1021,2559,4809
IMG_3496.JPG,3456,5184,Hotsix,613,691,2869,4436
IMG_3512.JPG,3456,5184,Hotsix,744,58,2609,4827
IMG_2953.JPG,3456,5184,mtdew,616,808,2857,3771
IMG_3450.JPG,3456,5184,Hotsix,946,1773,2674,3500
IMG_3181.JPG,3456,5184,PowerAde,862,1196,2471,3828
IMG_3255.JPG,3456,5184,Welchs,766,613,2804,4468
IMG_3241.JPG,3456,5184,Welchs,664,1020,2495,4219
IMG_3392.JPG,3456,5184,Hotsix,891,571,2500,4538
IMG_3067.JPG,3456,5184,PowerAde,781,425,2528,4849
IMG_3177.JPG,3456,5184,PowerAde,837,398,2425,4534
IMG_3298.JPG,3456,5184,Welchs,634,760,2794,4640
IMG_2950.JPG,3456,5184,mtdew,600,886,2724,4848
IMG_3500.JPG,3456,5184,Hotsix,793,469,2727,4766
IMG_3375.JPG,3456,5184,Hotsix,851,702,2576,4729
IMG_3199.JPG,3456,5184,PowerAde,596,603,2557,4998
IMG_2927.JPG,3456,5184,mtdew,562,1212,2934,4049
IMG_3124.JPG,3456,5184,PowerAde,830,414,2583,4954
IMG_2872.JPG,3456,5184,mtdew,614,613,2850,4796
IMG_3249.JPG,3456,5184,Welchs,592,944,2677,4535
IMG_3027.JPG,3456,5184,mtdew,316,279,2704,4971
IMG_3401.JPG,3456,5184,Hotsix,1024,517,2700,4717
IMG_3118.JPG,3456,5184,PowerAde,456,1322,2814,4322
IMG_3006.JPG,3456,5184,mtdew,491,588,2901,4784
IMG_3448.JPG,3456,5184,Hotsix,724,613,2631,4548
IMG_3101.JPG,3456,5184,PowerAde,625,517,2424,4979
IMG_3254.JPG,3456,5184,Welchs,510,1260,2532,4352
IMG_3082.JPG,3456,5184,PowerAde,682,801,3048,4974
IMG_3235.JPG,3456,5184,Welchs,599,528,2850,4647
IMG_3274.JPG,3456,5184,Welchs,725,946,2879,4546
IMG_2966.JPG,3456,5184,mtdew,405,383,3046,4849
IMG_3323.JPG,3456,5184,Welchs,594,726,2848,4529
IMG_3191.JPG,3456,5184,PowerAde,615,827,2409,3550
IMG_3260.JPG,3456,5184,Welchs,655,510,2769,4409
IMG_3128.JPG,3456,5184,PowerAde,438,776,3163,4279
IMG_2986.JPG,3456,5184,mtdew,558,353,3001,4566
IMG_3380.JPG,3456,5184,Hotsix,561,697,2424,4714
IMG_2978.JPG,3456,5184,mtdew,362,757,3319,4210
IMG_3490.JPG,3456,5184,Hotsix,726,640,2699,4724
IMG_3252.JPG,3456,5184,Welchs,782,905,2558,4285
IMG_3246.JPG,3456,5184,Welchs,804,1478,2750,4613
IMG_3108.JPG,3456,5184,PowerAde,411,468,3104,4028
IMG_3085.JPG,3456,5184,PowerAde,620,431,2610,4997
IMG_3211.JPG,3456,5184,PowerAde,675,567,2817,4684
IMG_3092.JPG,3456,5184,PowerAde,695,394,3173,4846
IMG_3219.JPG,3456,5184,PowerAde,720,382,2566,4881
IMG_3058.JPG,3456,5184,PowerAde,616,471,2563,5170
IMG_3440.JPG,3456,5184,Hotsix,986,464,2654,4580
IMG_3184.JPG,3456,5184,PowerAde,837,837,2252,4191
IMG_3449.JPG,3456,5184,Hotsix,573,886,2631,4423
IMG_3472.JPG,3456,5184,Hotsix,986,419,2530,4552
IMG_3516.JPG,3456,5184,Hotsix,591,724,3014,4545
IMG_3432.JPG,3456,5184,Hotsix,937,655,2609,4491
IMG_3443.JPG,3456,5184,Hotsix,685,630,2602,4537
IMG_2902.JPG,3456,5184,mtdew,547,1014,2891,4047
IMG_3018.JPG,3456,5184,mtdew,573,998,2532,4733
IMG_3238.JPG,3456,5184,Welchs,394,735,2940,4454
IMG_3029.JPG,3456,5184,mtdew,574,827,2891,4815
IMG_3045.JPG,3456,5184,PowerAde,500,374,2845,4598
IMG_3141.JPG,3456,5184,PowerAde,751,380,2449,4864
IMG_3446.JPG,3456,5184,Hotsix,1056,625,2666,4612
IMG_3386.JPG,3456,5184,Hotsix,799,469,2548,4816
IMG_3416.JPG,3456,5184,Hotsix,964,513,2649,4661
IMG_3047.JPG,3456,5184,PowerAde,792,709,2501,5006
IMG_3288.JPG,3456,5184,Welchs,584,440,2789,4713
IMG_3190.JPG,3456,5184,PowerAde,773,963,2398,4264
IMG_2938.JPG,3456,5184,mtdew,666,1049,2689,4909
IMG_3020.JPG,3456,5184,mtdew,497,1379,2759,4571
IMG_3100.JPG,3456,5184,PowerAde,638,301,2469,5038
IMG_2915.JPG,3456,5184,mtdew,657,593,2868,4554
IMG_2989.JPG,3456,5184,mtdew,575,592,2831,5021
IMG_2897.JPG,3456,5184,mtdew,515,1054,2990,4163
IMG_3019.JPG,3456,5184,mtdew,468,299,2793,4349
IMG_2946.JPG,3456,5184,mtdew,319,667,2902,4589
IMG_3142.JPG,3456,5184,PowerAde,774,290,2716,5063
IMG_3377.JPG,3456,5184,Hotsix,741,128,2756,5083
IMG_2906.JPG,3456,5184,mtdew,535,256,3237,4373
IMG_3188.JPG,3456,5184,PowerAde,1147,737,2523,4262
IMG_3293.JPG,3456,5184,Welchs,670,674,2817,4698
IMG_3087.JPG,3456,5184,PowerAde,441,488,3052,4850
IMG_2948.JPG,3456,5184,mtdew,688,540,2897,4916
IMG_3463.JPG,3456,5184,Hotsix,784,350,2588,4822
IMG_3054.JPG,3456,5184,PowerAde,601,1092,2338,4809
IMG_3276.JPG,3456,5184,Welchs,524,346,2767,4743
IMG_2952.JPG,3456,5184,mtdew,731,924,2833,4049
IMG_3289.JPG,3456,5184,Welchs,609,555,2681,4458
IMG_3113.JPG,3456,5184,PowerAde,608,1177,3056,4325
IMG_3061.JPG,3456,5184,PowerAde,519,1417,2920,4955
IMG_3304.JPG,3456,5184,Welchs,605,777,2956,4253
IMG_3064.JPG,3456,5184,PowerAde,849,300,3014,4982
IMG_3319.JPG,3456,5184,Welchs,769,820,2886,4476
IMG_3083.JPG,3456,5184,PowerAde,464,680,2941,4000
IMG_3196.JPG,3456,5184,PowerAde,806,1304,2898,4219
IMG_3391.JPG,3456,5184,Hotsix,815,451,2491,4597
IMG_3480.JPG,3456,5184,Hotsix,694,438,2804,4568
IMG_3421.JPG,3456,5184,Hotsix,998,558,2666,4749
IMG_2956.JPG,3456,5184,mtdew,542,382,2983,4646
IMG_2863.JPG,3456,5184,mtdew,497,687,2514,3881
IMG_3015.JPG,3456,5184,mtdew,238,419,2937,4429
IMG_2970.JPG,3456,5184,mtdew,673,465,2864,4561
IMG_3091.JPG,3456,5184,PowerAde,671,450,2860,5028
IMG_2891.JPG,3456,5184,mtdew,364,510,3176,4804
IMG_3280.JPG,3456,5184,Welchs,667,745,2800,4779
IMG_2883.JPG,3456,5184,mtdew,783,1512,2582,4896
IMG_3458.JPG,3456,5184,Hotsix,1038,801,2561,4546
IMG_3175.JPG,3456,5184,PowerAde,713,643,2794,4443
IMG_3502.JPG,3456,5184,Hotsix,791,177,2624,4994
IMG_2981.JPG,3456,5184,mtdew,419,271,2884,4568
IMG_2947.JPG,3456,5184,mtdew,270,868,2804,4250
IMG_3233.JPG,3456,5184,Welchs,636,675,2617,4581
IMG_2976.JPG,3456,5184,mtdew,429,260,3038,4691
IMG_2862.JPG,3456,5184,mtdew,538,766,2747,4654
IMG_2996.JPG,3456,5184,mtdew,774,565,3125,4615
IMG_3002.JPG,3456,5184,mtdew,496,833,2982,4544
IMG_2885.JPG,3456,5184,mtdew,538,739,2717,4613
IMG_3147.JPG,3456,5184,PowerAde,908,426,2820,5098
IMG_3253.JPG,3456,5184,Welchs,519,1185,2497,4681
IMG_3466.JPG,3456,5184,Hotsix,828,1214,2762,4623
IMG_3462.JPG,3456,5184,Hotsix,701,277,2557,4843
IMG_3473.JPG,3456,5184,Hotsix,999,595,2528,4362
IMG_3511.JPG,3456,5184,Hotsix,434,570,2936,4671
IMG_3419.JPG,3456,5184,Hotsix,644,482,2794,4040
IMG_3524.JPG,3456,5184,Hotsix,733,557,2771,4904
IMG_3453.JPG,3456,5184,Hotsix,829,430,2633,4742
IMG_3242.JPG,3456,5184,Welchs,763,1264,2606,4083
IMG_3306.JPG,3456,5184,Welchs,678,652,2717,4512
IMG_3474.JPG,3456,5184,Hotsix,708,523,2617,4733
IMG_3051.JPG,3456,5184,PowerAde,758,377,2876,3635
IMG_3478.JPG,3456,5184,Hotsix,894,512,2626,4705
IMG_2904.JPG,3456,5184,mtdew,684,724,2738,4575
IMG_2867.JPG,3456,5184,mtdew,947,1665,2707,4846
IMG_2958.JPG,3456,5184,mtdew,321,684,3151,4080
IMG_3320.JPG,3456,5184,Welchs,564,1135,2933,4621
IMG_2949.JPG,3456,5184,mtdew,805,799,2809,4683
IMG_3299.JPG,3456,5184,Welchs,431,598,2906,4524
IMG_3316.JPG,3456,5184,Welchs,654,885,2961,4296
IMG_3434.JPG,3456,5184,Hotsix,686,739,2891,4379
IMG_3429.JPG,3456,5184,Hotsix,676,596,2867,4507
IMG_3279.JPG,3456,5184,Welchs,505,750,2732,4238
IMG_2999.JPG,3456,5184,mtdew,413,450,2786,4964
IMG_3164.JPG,3456,5184,PowerAde,533,495,2964,4758
IMG_3411.JPG,3456,5184,Hotsix,960,703,2538,4636
IMG_3028.JPG,3456,5184,mtdew,855,1083,2859,4854
IMG_3522.JPG,3456,5184,Hotsix,762,24,2569,4878
IMG_3044.JPG,3456,5184,PowerAde,976,1052,2773,4916
IMG_3509.JPG,3456,5184,Hotsix,676,413,2769,4947
IMG_3154.JPG,3456,5184,PowerAde,490,412,2980,4769
IMG_3426.JPG,3456,5184,Hotsix,970,540,2739,4714
IMG_2884.JPG,3456,5184,mtdew,678,1509,2477,4924
IMG_3409.JPG,3456,5184,Hotsix,720,726,2875,4619
IMG_3283.JPG,3456,5184,Welchs,652,1066,3003,4494
IMG_3413.JPG,3456,5184,Hotsix,687,724,2644,4742
IMG_3431.JPG,3456,5184,Hotsix,848,506,2607,4701
IMG_2864.JPG,3456,5184,mtdew,519,962,2385,3366
IMG_3218.JPG,3456,5184,PowerAde,947,478,2605,4800
IMG_3282.JPG,3456,5184,Welchs,472,668,2848,4732
IMG_2913.JPG,3456,5184,mtdew,510,870,2596,4817
IMG_3244.JPG,3456,5184,Welchs,861,585,2752,4216
IMG_3414.JPG,3456,5184,Hotsix,658,626,2816,4396
IMG_3325.JPG,3456,5184,Welchs,619,308,2879,4662
IMG_3467.JPG,3456,5184,Hotsix,833,284,2598,4744
IMG_3000.JPG,3456,5184,mtdew,804,1174,2774,4826
IMG_3354.JPG,3456,5184,Welchs,774,727,2825,4531
IMG_3174.JPG,3456,5184,PowerAde,524,218,2268,4119
IMG_3328.JPG,3456,5184,Welchs,542,828,2767,4376
IMG_3305.JPG,3456,5184,Welchs,482,352,2653,4586
IMG_2979.JPG,3456,5184,mtdew,739,632,3017,4833
IMG_3176.JPG,3456,5184,PowerAde,971,891,2580,3400
IMG_3477.JPG,3456,5184,Hotsix,982,695,2464,4628
IMG_2890.JPG,3456,5184,mtdew,291,811,2497,4771
IMG_3485.JPG,3456,5184,Hotsix,764,902,2548,4571
IMG_2882.JPG,3456,5184,mtdew,593,563,2833,4805
IMG_3278.JPG,3456,5184,Welchs,405,869,2498,4533
IMG_2941.JPG,5184,3456,mtdew,825,557,4119,2726
IMG_3383.JPG,3456,5184,Hotsix,834,512,2565,4683
IMG_3285.JPG,3456,5184,Welchs,575,527,2738,4627
IMG_3009.JPG,3456,5184,mtdew,420,570,2681,4865
IMG_3140.JPG,3456,5184,PowerAde,408,776,3020,4554
IMG_3109.JPG,3456,5184,PowerAde,850,459,2591,4930
IMG_2892.JPG,3456,5184,mtdew,240,1116,2740,4126
IMG_3302.JPG,3456,5184,Welchs,698,521,2811,4597
IMG_3488.JPG,3456,5184,Hotsix,818,568,2685,5086
IMG_3342.JPG,3456,5184,Welchs,704,610,2761,4468
IMG_2889.JPG,3456,5184,mtdew,634,658,2753,4656
IMG_3376.JPG,3456,5184,Hotsix,662,537,2646,4677
IMG_2973.JPG,3456,5184,mtdew,568,690,3182,4008
IMG_3010.JPG,3456,5184,mtdew,477,681,2754,4883
IMG_3043.JPG,3456,5184,PowerAde,662,911,2355,4896
IMG_3046.JPG,3456,5184,PowerAde,894,1299,2810,4082
IMG_3003.JPG,3456,5184,mtdew,512,845,2968,3841
IMG_3025.JPG,3456,5184,mtdew,497,859,2908,4552
IMG_3200.JPG,3456,5184,PowerAde,460,254,3077,5029
IMG_2896.JPG,3456,5184,mtdew,396,857,2905,4617
IMG_3314.JPG,3456,5184,Welchs,770,652,2826,4490
IMG_2998.JPG,3456,5184,mtdew,481,1270,2943,4249
IMG_3248.JPG,3456,5184,Welchs,833,1013,2475,4090
IMG_3133.JPG,3456,5184,PowerAde,637,301,2723,4940
IMG_3396.JPG,3456,5184,Hotsix,941,736,2485,4570
IMG_3333.JPG,3456,5184,Welchs,744,530,2849,4653
IMG_3084.JPG,3456,5184,PowerAde,724,397,2574,4944
IMG_3430.JPG,3456,5184,Hotsix,777,452,2538,4960
IMG_3070.JPG,3456,5184,PowerAde,635,143,2997,4272
IMG_3525.JPG,3456,5184,Hotsix,638,651,2847,4677
IMG_3273.JPG,3456,5184,Welchs,709,629,2915,4582
IMG_2977.JPG,3456,5184,mtdew,409,603,3147,4513
IMG_3053.JPG,3456,5184,PowerAde,803,571,2438,4600
IMG_3094.JPG,3456,5184,PowerAde,844,450,2493,4821
IMG_2887.JPG,3456,5184,mtdew,517,979,3017,4235
IMG_3057.JPG,3456,5184,PowerAde,1138,759,2651,4739
IMG_3310.JPG,3456,5184,Welchs,735,572,2856,4507
IMG_2925.JPG,3456,5184,mtdew,774,1240,2806,4815
IMG_3501.JPG,3456,5184,Hotsix,690,607,2678,4526
IMG_3336.JPG,3456,5184,Welchs,546,997,2858,4619
IMG_2980.JPG,3456,5184,mtdew,526,444,2896,4862
IMG_2985.JPG,3456,5184,mtdew,593,553,2936,4907
IMG_3451.JPG,3456,5184,Hotsix,967,1802,2539,3357
IMG_3171.JPG,3456,5184,PowerAde,935,819,2359,3011
IMG_2928.JPG,3456,5184,mtdew,949,1022,2690,4374
IMG_3149.JPG,3456,5184,PowerAde,539,517,2894,4846
IMG_2982.JPG,3456,5184,mtdew,398,849,2984,4590
IMG_3197.JPG,3456,5184,PowerAde,523,358,2363,4758
IMG_3471.JPG,3456,5184,Hotsix,601,754,2723,4495
IMG_2866.JPG,3456,5184,mtdew,849,1011,2579,4301
IMG_2971.JPG,3456,5184,mtdew,586,720,2998,4861
IMG_3150.JPG,3456,5184,PowerAde,372,790,3047,4659
IMG_3031.JPG,3456,5184,mtdew,355,1143,2906,4414
IMG_3271.JPG,3456,5184,Welchs,631,1318,2642,4378
IMG_3055.JPG,3456,5184,PowerAde,810,1379,2435,4483
IMG_3454.JPG,3456,5184,Hotsix,851,571,2762,4669
IMG_3216.JPG,3456,5184,PowerAde,743,769,2879,4645
IMG_3492.JPG,3456,5184,Hotsix,738,168,2505,4840
IMG_3103.JPG,3456,5184,PowerAde,610,442,2996,4529
IMG_3107.JPG,3456,5184,PowerAde,486,431,2845,4503
IMG_3517.JPG,3456,5184,Hotsix,855,271,2657,4866
IMG_2967.JPG,3456,5184,mtdew,270,551,3114,4548
IMG_2963.JPG,3456,5184,mtdew,516,1582,2971,4460
IMG_3330.JPG,3456,5184,Welchs,729,633,2876,4596
IMG_3331.JPG,3456,5184,Welchs,635,667,2838,4440
IMG_2931.JPG,3456,5184,mtdew,500,832,2871,4492
IMG_3089.JPG,3456,5184,PowerAde,897,280,2687,4930
IMG_3405.JPG,3456,5184,Hotsix,913,501,2587,4848
IMG_3442.JPG,3456,5184,Hotsix,833,610,2693,4823
IMG_3435.JPG,3456,5184,Hotsix,1098,655,2583,4519
IMG_3378.JPG,3456,5184,Hotsix,824,363,2733,5031
IMG_3076.JPG,3456,5184,PowerAde,653,290,2688,4755
IMG_3337.JPG,3456,5184,Welchs,731,496,2841,4629
IMG_3268.JPG,3456,5184,Welchs,703,562,2761,4586
IMG_2880.JPG,3456,5184,mtdew,512,650,2969,4576
IMG_3195.JPG,3456,5184,PowerAde,587,592,2836,4789
IMG_2899.JPG,3456,5184,mtdew,563,890,2699,4824
IMG_3121.JPG,3456,5184,PowerAde,542,303,2649,5013
IMG_3272.JPG,3456,5184,Welchs,815,738,2679,4399
IMG_2893.JPG,3456,5184,mtdew,701,836,2783,4781
IMG_2916.JPG,3456,5184,mtdew,714,1156,2833,4418
IMG_3465.JPG,3456,5184,Hotsix,758,505,2749,4729
IMG_3290.JPG,3456,5184,Welchs,667,646,2827,4554
IMG_3399.JPG,3456,5184,Hotsix,647,670,2750,4268
IMG_3075.JPG,3456,5184,PowerAde,679,514,2368,4697
IMG_3373.JPG,3456,5184,Hotsix,718,222,2617,4882
IMG_3016.JPG,3456,5184,mtdew,472,1057,3084,4444
IMG_3438.JPG,3456,5184,Hotsix,865,680,2776,4383
IMG_3001.JPG,3456,5184,mtdew,649,722,2719,4423
IMG_2959.JPG,3456,5184,mtdew,736,802,2879,4929
IMG_3387.JPG,3456,5184,Hotsix,780,448,2604,4648
IMG_3402.JPG,3456,5184,Hotsix,803,550,2493,4519
IMG_3259.JPG,3456,5184,Welchs,720,554,2929,4744
IMG_2945.JPG,3456,5184,mtdew,613,650,2851,4595
IMG_3327.JPG,3456,5184,Welchs,719,740,2780,4397
IMG_3240.JPG,3456,5184,Welchs,855,731,2695,4274
IMG_3261.JPG,3456,5184,Welchs,604,770,2602,4375
IMG_3400.JPG,3456,5184,Hotsix,701,392,2478,4884
IMG_3093.JPG,3456,5184,PowerAde,376,566,3132,4439
IMG_3180.JPG,3456,5184,PowerAde,690,896,2602,4370
IMG_2994.JPG,3456,5184,mtdew,881,728,2971,4894
IMG_3514.JPG,3456,5184,Hotsix,655,402,2788,4919
IMG_3256.JPG,3456,5184,Welchs,748,658,2719,4441
IMG_3340.JPG,3456,5184,Welchs,379,719,2992,4372
IMG_3104.JPG,3456,5184,PowerAde,473,879,3073,4160
IMG_3158.JPG,3456,5184,PowerAde,655,461,2629,4924
IMG_3194.JPG,3456,5184,PowerAde,752,543,2713,4903
IMG_3503.JPG,3456,5184,Hotsix,825,252,2696,4807
IMG_3201.JPG,3456,5184,PowerAde,628,278,2678,3506
IMG_3116.JPG,3456,5184,PowerAde,665,410,2763,5095
IMG_3250.JPG,3456,5184,Welchs,598,943,2709,4366
IMG_3513.JPG,3456,5184,Hotsix,849,171,2749,4796
IMG_3156.JPG,3456,5184,PowerAde,1001,343,2808,4885
IMG_3351.JPG,3456,5184,Welchs,730,672,2894,4370
IMG_3105.JPG,3456,5184,PowerAde,543,415,2329,4979
IMG_3309.JPG,3456,5184,Welchs,661,423,2830,4859
IMG_3393.JPG,3456,5184,Hotsix,894,558,2793,4657
IMG_3265.JPG,3456,5184,Welchs,858,514,2837,4246
IMG_2924.JPG,3456,5184,mtdew,925,1400,2886,4919
IMG_3132.JPG,3456,5184,PowerAde,734,466,2550,4969
IMG_2961.JPG,3456,5184,mtdew,586,483,2987,4595
IMG_3099.JPG,3456,5184,PowerAde,787,290,2610,4904
IMG_3110.JPG,3456,5184,PowerAde,319,577,2174,4991
IMG_3482.JPG,3456,5184,Hotsix,911,499,2548,4784
IMG_3358.JPG,3456,5184,Welchs,849,486,3012,4448
IMG_3475.JPG,3456,5184,Hotsix,770,678,2633,4418
IMG_2914.JPG,3456,5184,mtdew,324,1081,2461,4943
IMG_3074.JPG,3456,5184,PowerAde,846,817,2472,4985
IMG_3080.JPG,3456,5184,PowerAde,809,704,2467,4713
IMG_3427.JPG,3456,5184,Hotsix,633,230,2633,4729
IMG_3077.JPG,3456,5184,PowerAde,477,459,2857,4734
IMG_3024.JPG,3456,5184,mtdew,614,422,2908,4433
IMG_3294.JPG,3456,5184,Welchs,668,633,2913,4540
IMG_3078.JPG,3456,5184,PowerAde,408,507,2706,3786
IMG_3145.JPG,3456,5184,PowerAde,586,512,3041,4000
IMG_3160.JPG,3456,5184,PowerAde,529,907,3086,4474
IMG_3134.JPG,3456,5184,PowerAde,587,443,2969,4718
IMG_3062.JPG,3456,5184,PowerAde,784,524,2470,4975
IMG_2923.JPG,3456,5184,mtdew,507,715,2727,4723
IMG_3063.JPG,3456,5184,PowerAde,693,330,2575,4932
IMG_3096.JPG,3456,5184,PowerAde,876,214,3047,4824
IMG_2997.JPG,3456,5184,mtdew,377,637,3005,4326
IMG_3162.JPG,3456,5184,PowerAde,739,352,2740,4978
IMG_2917.JPG,3456,5184,mtdew,821,1325,3005,4006
IMG_3297.JPG,3456,5184,Welchs,757,622,2899,4596
IMG_3352.JPG,3456,5184,Welchs,539,632,2904,4143
IMG_3114.JPG,3456,5184,PowerAde,966,456,2673,4825
IMG_3214.JPG,3456,5184,PowerAde,746,373,2717,4817
IMG_2972.JPG,3456,5184,mtdew,420,830,2962,4629
IMG_3237.JPG,3456,5184,Welchs,592,1071,2851,4636
IMG_2865.JPG,3456,5184,mtdew,713,1092,2591,4653
IMG_2898.JPG,3456,5184,mtdew,602,976,2618,4740
IMG_3117.JPG,3456,5184,PowerAde,643,876,2659,4522
IMG_3395.JPG,3456,5184,Hotsix,910,463,2593,4782
IMG_3455.JPG,3456,5184,Hotsix,919,887,2857,4466
IMG_3291.JPG,3456,5184,Welchs,494,809,2864,4541
IMG_3169.JPG,3456,5184,PowerAde,517,1036,2304,4184
IMG_3420.JPG,3456,5184,Hotsix,903,416,2582,4822
IMG_2944.JPG,3456,5184,mtdew,895,844,3047,4860
IMG_3023.JPG,3456,5184,mtdew,339,509,2690,4857
IMG_3523.JPG,3456,5184,Hotsix,756,380,2696,4913
IMG_3222.JPG,3456,5184,PowerAde,616,922,2733,4087
IMG_2860.JPG,3456,5184,mtdew,613,1007,2594,4858
IMG_2962.JPG,3456,5184,mtdew,581,752,3031,4390
IMG_3437.JPG,3456,5184,Hotsix,958,612,2698,4538
IMG_3341.JPG,3456,5184,Welchs,618,362,2697,4530
IMG_3095.JPG,3456,5184,PowerAde,773,462,2609,4938
IMG_3068.JPG,3456,5184,PowerAde,723,393,2610,4954
IMG_3065.JPG,3456,5184,PowerAde,596,372,2987,4586
IMG_3284.JPG,3456,5184,Welchs,629,605,2721,4618
IMG_3152.JPG,3456,5184,PowerAde,738,322,2637,5051
IMG_3415.JPG,3456,5184,Hotsix,898,472,2571,4686
IMG_3245.JPG,3456,5184,Welchs,700,940,2429,4108
IMG_2993.JPG,3456,5184,mtdew,521,951,3090,4182
IMG_3205.JPG,3456,5184,PowerAde,915,737,2484,4816
IMG_3408.JPG,3456,5184,Hotsix,679,544,2795,4811
IMG_2932.JPG,3456,5184,mtdew,354,832,2870,4153
IMG_2987.JPG,3456,5184,mtdew,428,808,3056,4549
IMG_3407.JPG,3456,5184,Hotsix,879,544,2630,4742
IMG_3397.JPG,3456,5184,Hotsix,743,551,2522,4592
IMG_3221.JPG,3456,5184,PowerAde,816,894,2953,4622
IMG_2942.JPG,3456,5184,mtdew,460,1225,2900,4308
IMG_3486.JPG,3456,5184,Hotsix,478,964,2595,4507
IMG_3098.JPG,3456,5184,PowerAde,604,817,3054,4089
IMG_3213.JPG,3456,5184,PowerAde,935,498,2725,4868
IMG_3079.JPG,3456,5184,PowerAde,815,601,2491,4939
IMG_2868.JPG,3456,5184,mtdew,708,1026,2767,4229
IMG_3056.JPG,3456,5184,PowerAde,860,1771,2409,4479
IMG_3182.JPG,3456,5184,PowerAde,768,176,2298,4296
IMG_2901.JPG,3456,5184,mtdew,530,612,2709,4033
IMG_3215.JPG,3456,5184,PowerAde,690,363,2814,5015
IMG_2920.JPG,3456,5184,mtdew,650,960,2830,4765
IMG_3050.JPG,3456,5184,PowerAde,865,1088,2714,4539
IMG_3017.JPG,3456,5184,mtdew,778,1354,2494,4667
IMG_3422.JPG,3456,5184,Hotsix,888,532,2535,4556
IMG_3433.JPG,3456,5184,Hotsix,669,654,2770,4712
IMG_2907.JPG,3456,5184,mtdew,566,592,2863,3694
IMG_3090.JPG,3456,5184,PowerAde,779,584,2585,5041
IMG_3275.JPG,3456,5184,Welchs,436,985,2709,4432
IMG_3048.JPG,3456,5184,PowerAde,1036,1012,2583,4772
IMG_3348.JPG,3456,5184,Welchs,370,865,3051,4783
IMG_3011.JPG,3456,5184,mtdew,606,410,3078,4640
IMG_2909.JPG,3456,5184,mtdew,741,778,2755,4581
IMG_3520.JPG,3456,5184,Hotsix,590,517,2754,4805
IMG_3390.JPG,3456,5184,Hotsix,838,446,2509,4710
IMG_3072.JPG,3456,5184,PowerAde,544,372,2402,4934
IMG_3326.JPG,3456,5184,Welchs,649,498,2871,4633
IMG_3318.JPG,3456,5184,Welchs,920,723,2866,4297
IMG_3081.JPG,3456,5184,PowerAde,527,328,2524,4706
IMG_3178.JPG,3456,5184,PowerAde,833,223,2669,4771
IMG_3234.JPG,3456,5184,Welchs,519,328,2846,4665
IMG_3461.JPG,3456,5184,Hotsix,527,1181,2772,4950
IMG_2895.JPG,3456,5184,mtdew,543,671,2921,4859
IMG_3495.JPG,3456,5184,Hotsix,686,467,2760,4642
IMG_2926.JPG,3456,5184,mtdew,660,1074,2635,4265
IMG_3146.JPG,3456,5184,PowerAde,929,478,2739,4998
IMG_3236.JPG,3456,5184,Welchs,790,1213,2668,4603
IMG_3312.JPG,3456,5184,Welchs,553,1013,2762,4361
IMG_2960.JPG,3456,5184,mtdew,767,740,2755,4498
IMG_3359.JPG,3456,5184,Welchs,779,558,2973,4397
IMG_3217.JPG,3456,5184,PowerAde,645,1044,2717,4246
IMG_2908.JPG,3456,5184,mtdew,629,734,2884,5061
IMG_3005.JPG,3456,5184,mtdew,599,699,2758,4772
IMG_3243.JPG,3456,5184,Welchs,638,469,2643,4488
IMG_2995.JPG,3456,5184,mtdew,718,573,2807,4522
IMG_3125.JPG,3456,5184,PowerAde,882,416,2698,4922
IMG_3339.JPG,3456,5184,Welchs,558,632,2953,4600
IMG_3436.JPG,3456,5184,Hotsix,859,666,2465,4675
IMG_3412.JPG,3456,5184,Hotsix,940,478,2692,4575
IMG_3151.JPG,3456,5184,PowerAde,945,389,2816,5030
IMG_3335.JPG,3456,5184,Welchs,760,779,2861,4417
IMG_3264.JPG,3456,5184,Welchs,656,524,2793,4688
IMG_2940.JPG,3456,5184,mtdew,639,765,2942,4800
IMG_3379.JPG,3456,5184,Hotsix,692,335,2656,4802
IMG_2869.JPG,3456,5184,mtdew,712,916,2918,3751
IMG_3349.JPG,3456,5184,Welchs,757,524,2824,4738
IMG_3355.JPG,3456,5184,Welchs,734,703,2801,4364
IMG_3345.JPG,3456,5184,Welchs,552,242,2834,4761
IMG_3506.JPG,3456,5184,Hotsix,595,639,2934,4740
IMG_3295.JPG,3456,5184,Welchs,564,633,2874,4158
IMG_3334.JPG,3456,5184,Welchs,824,790,2878,4657
IMG_3220.JPG,3456,5184,PowerAde,677,427,2797,4948
IMG_3491.JPG,3456,5184,Hotsix,628,761,2758,4466
IMG_2984.JPG,3456,5184,mtdew,618,608,2704,4744
IMG_3210.JPG,3456,5184,PowerAde,520,343,2661,5034
IMG_2968.JPG,3456,5184,mtdew,312,793,3056,4112
IMG_2975.JPG,3456,5184,mtdew,483,596,2786,4812
IMG_2912.JPG,3456,5184,mtdew,464,1026,2816,3978
IMG_3508.JPG,3456,5184,Hotsix,701,236,2663,4934
IMG_2900.JPG,3456,5184,mtdew,780,655,2974,4585
IMG_3123.JPG,3456,5184,PowerAde,398,631,3092,4139
IMG_2922.JPG,3456,5184,mtdew,658,1329,2723,3840
IMG_2934.JPG,3456,5184,mtdew,652,844,2775,4792
IMG_3257.JPG,3456,5184,Welchs,562,1043,2463,4424
IMG_3059.JPG,3456,5184,PowerAde,619,708,2585,5061
IMG_3417.JPG,3456,5184,Hotsix,903,606,2610,4404
IMG_3388.JPG,3456,5184,Hotsix,697,370,2732,4679
IMG_3497.JPG,3456,5184,Hotsix,787,39,2644,4989
IMG_2930.JPG,3456,5184,mtdew,1054,1791,2752,4890
IMG_3418.JPG,3456,5184,Hotsix,725,515,2702,4388
IMG_3344.JPG,3456,5184,Welchs,449,792,2936,4595
IMG_3021.JPG,3456,5184,mtdew,270,863,2751,4205
IMG_3165.JPG,3456,5184,PowerAde,478,741,3203,4337
IMG_2877.JPG,3456,5184,mtdew,412,1030,2473,4866
IMG_3481.JPG,3456,5184,Hotsix,481,893,2776,4588
IMG_3456.JPG,3456,5184,Hotsix,734,734,2705,3967
IMG_2921.JPG,3456,5184,mtdew,288,782,2536,4369
IMG_2905.JPG,3456,5184,mtdew,685,469,3100,4716
IMG_3266.JPG,3456,5184,Welchs,636,698,2764,4283
IMG_3346.JPG,3456,5184,Welchs,657,494,2901,4656
IMG_3403.JPG,3456,5184,Hotsix,572,446,2557,4770
IMG_3311.JPG,3456,5184,Welchs,599,691,2900,4566
IMG_3172.JPG,3456,5184,PowerAde,883,496,2273,4060
IMG_3357.JPG,3456,5184,Welchs,662,466,2849,4815
IMG_3262.JPG,3456,5184,Welchs,637,1115,2792,4457
IMG_3209.JPG,3456,5184,PowerAde,954,341,2695,4694
IMG_3510.JPG,3456,5184,Hotsix,903,675,2750,4513
IMG_3484.JPG,3456,5184,Hotsix,799,751,2561,4732
IMG_2856.JPG,5184,3456,mtdew,1381,482,3945,3034
IMG_3239.JPG,3456,5184,Welchs,726,504,2793,4534
IMG_2918.JPG,3456,5184,mtdew,745,1011,2764,4877
IMG_2861.JPG,3456,5184,mtdew,716,1153,2597,4729
IMG_2992.JPG,3456,5184,mtdew,484,552,3160,4429
IMG_2951.JPG,3456,5184,mtdew,762,1095,2984,4850
IMG_3404.JPG,3456,5184,Hotsix,653,664,2757,4760
IMG_2955.JPG,3456,5184,mtdew,715,558,2863,4546
IMG_3332.JPG,3456,5184,Welchs,316,738,2856,4555
IMG_2939.JPG,3456,5184,mtdew,462,756,2691,4875
